Name,Faction,Alliance,Is_MoW,Do_Not_Use,Has_Ranged,Melee_Hits,Ranged_Hits,X_Hits_Restriction,Melee_Damage_Type,Ranged_Damage_Type,Self_Heal,Parrying,Shielding,Spawner,Notes,Act_of_Faith,Ambush,Beast_Slayer,Big_Target,Blessings_of_Khorne,Camouflage,Contagions_of_Nurgle,Crushing_Strike,Daemon,Dakka,Deep_Strike,Diminutive,Explodes,Final_Vengeance,Flying,Get_Stuck_In,Healer,Heavy_Weapon,Indirect_Fire,Infiltrate,Instinctive_Behaviour,Let_the_Galaxy_Burn,Living_Metal,Martial_Katah,Mechanic,Mechanical,Mk_X_Gravis,Overwatch,Parry,Prioritised_Efficiency,Psyker,Ranged_Specialist,Rapid_Assault,Resilient,Shadow_in_the_Warp,Suppressive_Fire,Synapse,Terminator_Armour,Terrifying,Thrill_Seekers,Unstoppable,Vehicle,Weaver_of_Fates,Has_Bio,Has_Blast,Has_Bolter,Has_Chain,Has_Direct,Has_Energy,Has_Eviscerating,Has_Flame,Has_Heavy_Round,Has_Las,Has_Melta,Has_Molecular,Has_Particle,Has_Physical,Has_Piercing,Has_Plasma,Has_Power,Has_Projectile,Has_Psychic,Has_Pulse,Has_Toxic
Abaddon The Despoiler,Black Legion,Chaos,N,N,Y,5,3,3,Piercing,Bolter,,,,,,N,N,N,N,N,N,N,N,N,N,N,N,N,N,N,N,N,N,N,N,N,Y,N,N,N,N,N,N,N,N,N,N,N,Y,N,N,N,Y,N,N,N,N,N,N,N,Y,N,N,N,N,N,N,N,N,N,N,N,Y,N,Y,N,N,N,N
Abraxas,Thousand Sons,Chaos,N,N,Y,2,1,1,,Psychic,,,,Y,,N,N,N,N,N,N,N,N,N,N,N,N,N,N,N,N,N,N,N,N,N,N,N,N,N,N,N,N,N,N,Y,N,N,N,N,N,N,N,N,N,N,N,Y,N,N,N,N,N,N,N,Y,N,N,N,N,N,N,N,N,N,N,Y,N,N
Actus,Adeptus Mechanicus,Imperial,N,N,Y,2,2,2,,Energy,,,,,,N,N,N,N,N,N,N,N,N,N,N,N,N,N,Y,N,N,N,N,N,N,N,N,N,Y,Y,N,N,N,N,N,N,N,N,N,N,N,N,N,N,N,N,N,N,N,N,N,N,Y,N,N,N,N,N,N,N,N,N,N,N,N,N,N,N
Adamatar,Emperor's Children,Chaos,N,N,N,3,,3,Chain,,,,,,,N,N,N,N,N,N,N,N,N,N,N,N,N,N,N,N,N,N,N,N,N,N,N,N,N,N,N,N,N,N,N,N,N,N,N,N,N,N,N,Y,N,N,N,N,N,N,N,Y,N,Y,N,N,N,N,N,N,N,N,N,N,N,N,N,N
Aesoth,Adeptus Custodes,Imperial,N,N,N,1,,1,Power,,,,Y,,,N,N,N,Y,N,N,N,N,N,N,N,N,N,N,N,N,N,N,N,N,N,N,N,Y,N,N,N,N,N,N,N,N,N,Y,N,N,N,N,N,N,N,N,N,N,N,N,N,N,N,N,N,N,N,N,N,N,Y,N,N,N,N,N,N,N
Aethana,Aeldari,Xenos,N,N,N,3,,3,Energy,,,,,,,N,N,N,N,N,N,N,N,N,N,Y,N,N,N,Y,N,N,N,N,N,N,N,N,N,N,N,N,N,N,N,N,N,N,N,N,N,N,N,N,N,N,N,N,N,N,N,N,N,N,N,N,N,N,N,N,N,N,Y,N,N,N,N,N,N
Ahriman,Thousand Sons,Chaos,N,N,Y,1,1,1,,Psychic,,,,,,N,N,N,N,N,N,N,N,N,N,N,N,N,N,Y,N,N,N,N,N,N,N,N,N,N,N,N,N,N,N,Y,N,N,N,N,N,N,N,N,N,N,N,Y,N,N,N,N,N,N,N,Y,N,N,N,N,N,N,N,N,N,N,Y,N,N
Aleph-Null,Necrons,Xenos,N,N,N,5,,5,Physical,,Y,,,Y,,N,N,N,N,N,N,N,N,N,N,N,N,Y,N,Y,N,N,N,N,N,N,N,Y,N,Y,N,N,N,N,N,N,N,N,N,N,N,N,N,N,N,N,N,N,N,N,N,N,N,Y,N,N,N,N,N,N,Y,N,Y,N,N,N,N,N,N
Ammuk,Leagues of Votann,Xenos,N,N,N,1,,1,Molecular,,,,,Y,,N,N,N,N,N,N,N,N,N,N,N,N,N,N,N,N,N,N,N,N,N,N,N,N,N,Y,N,N,N,Y,N,N,N,N,N,N,N,N,N,N,N,N,N,N,N,N,N,N,N,N,N,N,N,N,N,N,Y,N,N,N,N,N,N,N
Ancient Thoread,Black Templars,Imperial,N,N,N,2,,2,Physical,,,,,,,N,N,N,N,N,N,N,N,N,N,N,N,N,Y,N,N,N,N,N,N,N,N,N,N,N,N,N,N,Y,N,N,N,N,N,N,N,N,N,N,N,N,N,N,N,N,N,N,N,N,N,N,N,N,N,N,N,N,N,N,Y,N,N,N,N
Angrax,Black Legion,Chaos,N,N,N,4,,4,Physical,,,,,,,N,N,N,N,N,N,N,N,N,N,Y,N,N,N,N,N,N,N,N,N,N,Y,N,N,N,N,N,N,N,N,N,N,N,N,N,N,N,Y,N,N,N,N,N,N,N,N,N,N,N,N,N,N,N,N,N,N,N,N,N,Y,N,N,N,N
Anuphet,Necrons,Xenos,N,N,Y,4,3,3,,Molecular,,,,Y,,N,N,N,N,N,N,N,N,N,N,N,N,N,N,N,N,N,N,N,N,N,N,Y,N,N,N,N,N,N,N,N,N,N,N,N,N,N,N,N,N,N,N,N,N,N,N,N,N,Y,N,N,N,N,N,N,N,N,N,N,N,N,N,N,N
Archimatos,Black Legion,Chaos,N,N,Y,2,1,1,,Psychic,,,,Y,,N,N,N,N,N,N,N,N,N,N,N,N,N,N,N,N,N,N,N,N,N,Y,N,N,N,N,N,N,N,N,Y,N,N,N,N,N,N,N,N,N,N,N,N,N,N,N,N,N,N,N,N,N,N,N,N,N,N,N,N,N,N,Y,N,N
Arjac,Space Wolves,Imperial,N,N,N,3,,3,Physical,,,,,,,N,N,N,N,N,N,N,N,N,N,Y,N,N,N,N,N,N,N,N,N,N,N,N,N,N,N,N,N,N,N,N,N,N,Y,N,N,N,Y,N,N,Y,N,N,N,N,N,N,N,N,N,N,N,N,N,N,N,N,N,N,Y,N,N,N,N
Asmodai,Dark Angels,Imperial,N,N,N,4,,4,Physical,,,,,,,N,N,N,N,N,N,N,N,N,N,N,N,N,N,N,N,N,N,N,N,N,N,N,N,N,N,N,N,N,N,N,N,N,N,N,N,N,N,Y,N,N,N,N,N,N,N,N,N,N,N,N,N,N,N,N,N,N,N,N,Y,N,N,N,N
Atlacoya,Adeptus Custodes,Imperial,N,N,N,3,,3,Power,,,,Y,,,N,N,N,N,N,N,N,N,N,N,N,N,N,N,N,N,N,N,N,N,N,N,N,N,N,N,N,N,Y,N,N,N,N,N,N,N,N,N,Y,N,N,N,N,N,N,N,N,Y,N,N,N,N,N,N,N,N,N,N,N,Y,N,N,N,N
Aun'Shi,Tau Empire,Xenos,N,N,N,5,,5,Eviscerating,,,,,,,N,N,N,N,N,N,N,N,N,N,N,N,N,N,N,N,N,N,N,N,N,N,N,N,N,N,N,N,N,N,N,N,N,N,N,N,N,N,N,N,N,N,N,N,N,N,N,N,N,N,N,N,N,N,N,N,N,N,N,Y,N,N,N,N
Azkor,World Eaters,Chaos,N,N,N,2,,2,Physical,,,,,,,N,N,N,N,Y,N,N,N,Y,N,N,N,N,N,N,N,N,N,N,N,N,N,N,N,N,N,N,N,N,N,N,N,N,Y,N,N,N,N,Y,N,Y,N,N,N,N,N,N,N,N,Y,N,N,N,N,N,N,N,N,N,N,N,N,N,N
Azrael,Dark Angels,Imperial,N,N,Y,3,1,1,Physical,Bolter,,,Y,,,N,N,N,N,N,N,N,N,N,N,N,N,N,Y,N,N,N,N,N,N,N,N,N,N,N,N,N,Y,N,N,N,N,N,N,N,N,N,N,N,N,N,N,N,N,N,Y,N,Y,N,N,N,N,N,N,N,N,N,N,Y,Y,N,N,N,N
Baldr,Space Wolves,Imperial,N,N,N,3,,3,Physical,,,,,,,N,N,N,N,N,N,N,N,N,N,N,N,N,Y,N,N,Y,N,N,N,N,N,N,N,N,N,N,N,N,N,N,N,N,N,N,N,N,N,Y,N,N,N,N,N,N,N,N,N,N,N,N,N,N,N,N,N,N,N,N,Y,N,N,N,N
Baraqiel,Dark Angels,Imperial,N,N,N,3,,3,Physical,,,,,,,N,N,N,N,N,N,N,Y,N,N,Y,N,N,N,N,N,N,Y,N,N,N,N,N,N,N,N,N,N,N,N,N,N,N,N,N,N,N,Y,N,N,N,N,N,N,N,N,N,N,N,N,N,N,N,N,N,N,N,N,Y,Y,N,N,N,N
Bellator,Ultramarines,Imperial,N,N,N,6,,6,Bolter,,,,,Y,,N,N,N,N,N,N,N,N,N,N,N,N,N,N,Y,N,N,N,N,N,N,N,N,N,N,N,Y,N,N,N,N,N,N,N,N,N,N,N,N,N,N,N,N,N,N,Y,N,N,N,N,N,N,N,N,N,N,N,N,N,N,N,N,N,N
Boss Gulgortz,Orks,Xenos,N,N,Y,2,3,3,Physical,Physical,,,,Y,,N,N,N,Y,N,N,N,Y,N,N,N,N,N,Y,N,Y,N,N,N,N,N,N,N,N,N,Y,N,N,N,N,N,N,N,N,N,N,N,N,N,N,N,N,N,N,N,N,N,N,N,Y,N,N,N,N,N,N,N,N,N,N,Y,N,N,N
Brother Burchard,Black Templars,Imperial,N,N,Y,3,3,3,Physical,Bolter,,,,,,N,N,N,N,N,N,N,Y,N,N,N,N,N,N,N,N,N,N,N,N,N,N,N,N,N,N,Y,N,N,N,N,N,N,N,N,Y,N,N,N,N,N,N,N,N,Y,Y,N,N,N,N,N,N,N,N,N,N,N,N,N,Y,N,N,N,N
Brother Jaeger,Black Templars,Imperial,N,N,N,3,,3,Physical,,,Y,,,,N,N,N,N,N,N,N,N,N,N,N,N,N,Y,N,N,N,N,N,N,N,N,N,N,N,N,N,N,Y,N,N,N,Y,N,N,N,N,N,N,N,N,N,N,N,N,N,N,N,N,N,N,N,N,N,N,N,N,N,N,Y,N,N,N,N
Calandis,Aeldari,Xenos,N,N,Y,1,1,1,Physical,Energy,,,,,,N,N,N,N,N,N,N,N,N,N,N,N,N,N,N,N,N,Y,N,N,N,N,N,N,N,N,N,Y,N,N,N,N,N,N,N,N,N,N,N,N,N,N,N,N,N,N,N,N,Y,N,N,N,N,N,N,N,Y,Y,N,N,N,N,N,N
Castellan Creed,Astra Militarum,Imperial,N,N,N,2,,2,Physical,,,,,Y,,N,N,N,N,N,N,N,N,N,N,N,N,N,N,N,N,N,N,N,N,N,N,N,N,N,N,N,N,N,N,N,N,N,N,N,N,N,N,N,N,N,N,N,N,N,N,N,N,N,N,N,N,Y,N,N,N,N,N,N,N,N,N,N,N
Celestine,Adepta Sororitas,Imperial,N,N,N,3,,3,Physical,,,,,Y,,Y,N,N,N,N,N,N,N,N,N,N,N,N,N,Y,N,N,N,N,N,N,N,N,N,N,N,N,N,N,N,N,N,N,N,N,N,N,N,N,N,N,N,N,N,N,N,N,Y,N,N,N,N,N,N,N,N,N,N,N,Y,N,N,N,N
Certus,Ultramarines,Imperial,N,N,Y,1,1,1,Physical,Bolter,,,,,,N,N,N,N,N,N,N,N,N,N,N,N,N,N,N,N,N,Y,N,Y,N,N,N,N,N,N,N,Y,N,N,N,N,N,N,N,N,N,N,N,N,N,N,N,N,N,Y,N,N,N,N,N,Y,N,N,N,N,Y,N,N,N,N,N,N,N
Cezare,Blood Angels,Imperial,N,N,N,4,,4,Piercing,,,,,,,N,N,N,N,N,N,N,N,N,N,Y,N,N,N,N,N,N,N,N,N,N,N,N,N,N,N,N,N,N,N,N,N,Y,N,N,N,N,Y,N,N,N,N,N,N,N,N,N,N,N,Y,N,N,N,N,N,N,N,N,N,Y,N,N,N,N
Commander Farsight,Tau Empire,Xenos,N,N,Y,4,2,2,Eviscerating,Pulse,,,,,,N,N,Y,Y,N,N,N,N,N,N,N,N,N,N,Y,N,N,N,N,N,N,N,N,N,N,Y,N,N,N,N,N,N,N,N,N,N,N,N,N,N,N,N,N,N,N,N,N,N,N,N,N,N,N,N,N,N,N,N,Y,Y,N,N,N,N
Commander Shadowsun,Tau Empire,Xenos,N,N,Y,2,2,2,,Pulse,,,,,,N,N,N,N,N,Y,N,N,N,N,N,N,N,N,Y,N,N,N,N,Y,N,N,N,N,N,N,N,N,N,N,N,Y,N,N,N,N,N,N,N,N,N,N,N,N,Y,N,N,N,N,N,N,N,N,Y,N,N,N,N,N,N,N,N,N,N
Commissar Yarrick,Astra Militarum,Imperial,N,N,Y,3,2,2,Physical,Bolter,,,,Y,,N,N,N,N,N,N,N,N,N,N,N,N,N,N,N,N,N,N,N,N,N,N,N,N,N,N,N,N,N,N,N,N,N,Y,N,N,N,N,N,N,N,N,N,N,N,Y,N,N,N,N,N,N,N,N,N,N,N,N,N,Y,N,N,N,N
Corrodius,Death Guard,Chaos,N,N,N,1,,1,Toxic,,,,,Y,,N,N,N,N,N,N,Y,N,N,N,N,N,N,N,N,N,N,N,N,N,N,N,N,N,N,N,N,N,N,N,N,N,N,Y,N,N,N,N,N,N,N,N,N,N,N,N,N,N,N,N,N,N,N,N,N,N,N,N,Y,N,N,N,N,Y
Cyrus,Adeptus Astartes,Imperial,N,N,Y,3,3,3,Physical,Bolter,,,,,,N,N,N,N,N,Y,N,N,N,N,N,N,N,N,N,N,N,N,N,Y,N,N,N,N,N,N,N,N,N,N,N,N,N,N,N,Y,N,N,N,N,N,N,N,N,Y,Y,N,N,Y,N,N,N,N,N,N,N,N,N,N,N,N,N,N,N
Dante,Blood Angels,Imperial,N,N,N,4,,4,Piercing,,,,,,,N,N,N,N,N,N,N,N,N,N,Y,N,N,Y,Y,N,N,N,N,N,N,N,N,N,N,N,N,N,N,N,N,N,Y,N,N,N,N,N,Y,N,N,N,N,N,N,N,N,N,N,N,N,N,N,Y,N,N,N,Y,N,N,N,N,N,N
Darkstrider,Tau Empire,Xenos,N,N,Y,3,2,2,,Pulse,,,,,,N,N,N,N,N,N,N,N,N,N,N,N,N,N,N,N,N,N,N,Y,N,N,N,N,N,N,N,N,N,N,N,Y,N,N,N,Y,N,N,N,N,N,N,N,N,N,N,N,N,N,N,N,N,N,N,N,N,Y,N,N,N,N,N,Y,N
Deathleaper,Tyranids,Xenos,N,N,N,3,,3,Physical,,,,,,,N,N,N,N,N,Y,N,N,N,N,Y,N,N,N,N,N,N,N,N,Y,N,N,N,N,N,N,N,N,N,N,N,N,N,N,N,N,N,N,Y,N,N,N,N,Y,N,N,N,Y,N,N,N,N,N,N,N,N,N,N,N,N,N,N,N,N
Eldryon,Aeldari,Xenos,N,N,Y,2,2,2,,Psychic,,,,,,N,N,N,N,N,N,N,N,N,N,N,N,N,N,N,N,N,N,N,N,N,N,N,N,N,N,N,N,N,N,Y,N,N,N,N,N,N,N,N,N,N,N,N,N,N,N,N,N,N,N,N,N,N,N,N,N,N,Y,N,N,N,Y,N,N
Exitor-Rho,Adeptus Mechanicus,Imperial,N,N,N,2,,2,Chain,,,,,,,N,N,N,N,N,Y,N,N,N,N,N,N,N,N,N,N,N,N,N,Y,N,N,N,N,N,Y,N,N,N,N,N,N,N,N,N,N,N,N,N,N,Y,N,N,N,N,N,N,Y,Y,N,N,N,N,N,N,N,N,N,N,N,N,N,N,N
Forcas,Dark Angels,Imperial,N,N,N,6,,6,Piercing,,,Y,,,,N,N,N,N,N,Y,N,N,N,N,N,N,N,N,N,N,N,N,N,N,N,N,N,N,N,N,N,N,Y,N,N,N,N,N,N,N,N,N,N,N,N,N,N,N,N,N,N,N,N,N,N,N,N,N,N,N,N,N,N,Y,N,N,N,N
Gibbascrapz,Orks,Xenos,N,N,N,4,,4,Physical,,,,,Y,,N,N,N,N,N,N,N,N,N,N,N,N,N,N,N,Y,N,N,N,N,N,N,N,N,Y,N,N,N,N,N,N,N,N,N,N,N,N,N,N,N,N,N,N,N,N,N,N,N,N,N,N,N,N,N,N,N,Y,N,N,N,N,N,N,N
Haarken Worldclaimer,Black Legion,Chaos,N,N,N,4,,4,Piercing,,,,,,,N,N,N,N,N,N,N,N,N,N,N,N,N,N,Y,N,N,N,N,N,N,Y,N,N,N,N,N,N,N,N,N,N,N,N,N,N,N,N,Y,N,N,N,N,N,N,N,N,N,N,N,N,N,N,N,N,N,N,Y,N,N,N,N,N,N
Hascule,Emperor's Children,Chaos,N,N,N,3,,3,Piercing,,,,,,,N,N,N,N,N,N,N,N,N,N,N,N,N,N,N,N,N,N,N,N,N,N,N,N,N,N,N,N,Y,N,N,N,N,N,N,N,N,N,N,Y,N,N,N,N,N,N,N,N,N,Y,N,N,N,N,N,N,N,Y,N,N,N,N,N,N
Havyr,Leagues of Votann,Xenos,N,N,N,4,,4,Physical,,,,,,,N,N,N,N,N,N,N,Y,N,N,N,N,N,N,N,N,N,N,N,N,N,N,N,N,N,N,N,N,N,Y,N,N,N,Y,N,N,N,N,N,N,N,N,N,N,N,N,N,N,N,Y,N,N,N,N,N,N,N,N,N,N,N,N,N,N
High Marshal Helbrecht,Black Templars,Imperial,N,N,Y,6,3,3,Piercing,Bolter,,,,,,N,N,N,N,N,N,N,N,N,N,N,N,N,Y,N,N,N,N,N,N,N,N,N,N,N,N,N,N,Y,N,N,N,N,N,N,N,N,N,N,N,N,N,N,N,N,Y,N,N,N,N,N,N,N,N,N,N,N,N,N,Y,N,N,N,N
Hollan,Genestealer Cults,Xenos,N,N,N,1,,1,Bio,,,,,Y,,N,Y,N,N,N,N,N,N,N,N,N,N,N,N,N,N,Y,N,N,N,N,N,N,N,N,N,N,N,N,N,N,N,N,N,N,N,N,N,N,N,N,N,N,N,N,N,N,N,N,N,N,N,N,N,N,N,N,N,N,N,N,N,N,Y
Imospekh,Necrons,Xenos,N,N,Y,6,6,6,,Molecular,,,,,,N,N,N,N,N,N,N,N,N,N,N,N,N,N,N,N,N,N,N,N,N,N,Y,N,N,N,N,Y,N,N,N,N,N,N,N,N,N,N,N,N,N,N,N,N,N,N,N,N,N,N,N,N,N,N,Y,N,N,N,N,N,N,N,N,N
Incisus,Ultramarines,Imperial,N,N,N,1,,1,Piercing,,,,,,,N,N,N,N,N,N,N,N,N,N,N,N,N,N,N,N,Y,N,N,N,N,N,N,N,N,N,N,N,N,N,N,N,N,N,N,N,N,N,N,N,N,N,N,N,N,N,N,N,N,N,N,N,N,N,N,N,N,Y,N,N,N,N,N,N
Isaak,Genestealer Cults,Xenos,N,N,Y,3,1,1,Physical,Projectile,,,,Y,,N,Y,N,N,N,N,N,N,N,N,N,N,N,N,N,N,N,N,N,N,N,N,N,N,N,N,N,N,N,N,N,N,N,N,N,N,N,N,N,N,N,N,N,Y,Y,N,N,N,N,N,N,N,N,N,N,N,N,N,N,N,N,N,N,N
Isabella,Adepta Sororitas,Imperial,N,N,N,3,,3,Bolter,,,,,,,Y,N,N,N,N,N,N,N,N,N,N,N,N,N,N,N,Y,N,N,N,N,N,N,N,N,N,N,N,N,N,N,N,N,N,N,N,N,N,N,N,N,N,N,N,N,Y,N,N,N,N,N,N,N,N,N,N,N,N,N,N,N,N,N,N
Jain Zar,Aeldari,Xenos,N,N,N,3,,3,Chain,,,,,,,N,N,N,N,N,N,N,N,N,N,N,N,N,N,N,N,N,N,N,Y,N,N,N,N,N,N,N,N,N,N,N,N,N,N,N,N,N,N,N,N,N,N,N,N,N,N,N,N,N,N,N,N,N,N,N,N,N,Y,N,N,N,N,N,N
Judh,Genestealer Cults,Xenos,N,N,Y,3,3,3,Physical,Physical,,,,,,N,Y,Y,N,N,N,N,N,N,N,N,N,N,N,N,N,N,N,N,N,N,N,N,N,N,N,N,N,N,N,N,N,N,N,N,N,N,N,N,N,N,N,N,N,N,N,N,N,N,N,N,N,N,N,N,N,N,N,N,N,Y,N,N,N
Kariyan,Adeptus Custodes,Imperial,N,N,N,3,,3,Piercing,,,,,,,N,N,Y,N,N,N,N,N,N,N,N,N,N,N,N,N,N,N,N,N,N,N,N,Y,N,N,N,N,Y,N,N,N,Y,Y,N,N,N,N,N,N,N,N,N,N,N,N,N,N,N,Y,N,N,N,N,N,N,N,Y,N,Y,N,N,N,N
Kharn,World Eaters,Chaos,N,N,N,4,,4,Piercing,,,,,,,N,N,N,N,Y,N,N,N,N,N,N,N,N,Y,N,N,N,N,N,N,N,N,N,N,N,N,N,N,N,N,N,N,Y,N,N,N,N,N,N,N,N,N,N,N,N,N,N,N,N,Y,N,N,N,N,N,N,N,Y,Y,N,N,N,N,N
Kimm,Leagues of Votann,Xenos,N,Y,Y,2,2,2,Eviscerating,Bolter,N,N,N,N,Mass Driver Accelerator charges a target for Direct damage plus Physical damage to adjacent enemies; Modified Exoarmour reduces incoming pierce ratio and boosts her own melee damage per hex moved this turn.,N,N,N,N,N,N,N,N,N,N,N,N,N,N,N,N,N,N,N,N,N,N,N,N,N,N,N,N,N,Y,N,N,N,N,N,N,N,N,N,N,Y,N,N,N,N,Y,N,Y,N,Y,N,N,N,N,N,N,Y,N,N,N,N,N,N,N
Kut Skoden,Astra Militarum,Imperial,N,N,N,4,,4,Physical,,,,,,,N,N,N,Y,N,N,N,N,N,N,N,N,N,N,N,N,N,N,N,N,N,N,N,N,N,N,N,N,N,N,N,N,N,N,N,N,N,N,N,N,N,N,N,N,Y,N,N,N,N,N,N,N,N,N,N,N,Y,N,N,N,N,N,N,N
Laviscus,Emperor's Children,Chaos,N,N,N,1,,1,Eviscerating,,,,,,,N,N,N,N,N,N,N,Y,N,N,N,N,N,N,N,N,N,N,N,N,N,N,N,N,N,N,N,N,N,N,N,N,N,N,N,N,N,N,N,Y,N,N,N,N,N,N,N,N,N,N,N,N,N,N,N,N,N,N,N,Y,N,N,N,N
Lhykhis,Aeldari,Xenos,N,N,Y,5,5,5,Molecular,Eviscerating,N,N,N,N,"Melee weapon shown as ""Gauss"" on tacticustable.com, recorded as Molecular per the wiki's 2023 Gauss-to-Molecular merge. Empyric Ambush deals Eviscerating damage and buffs Aeldari/mobile allies' Crit vs the target; Whispering Web marks a ranged-attacked enemy for escalating allied damage.",N,N,N,N,N,N,N,N,N,N,N,N,N,N,Y,N,N,N,N,Y,N,N,N,N,N,N,N,N,N,N,N,N,N,N,N,N,N,N,N,N,N,N,N,N,N,N,N,N,N,Y,N,N,N,N,Y,N,N,N,N,N,N,N,N,N
Lucien,Blood Angels,Imperial,N,N,Y,4,3,3,Piercing,Bolter,,,,,,N,N,N,N,N,N,N,N,N,N,N,N,N,N,N,N,N,N,N,N,N,N,N,N,N,N,N,N,N,N,N,N,Y,Y,N,N,N,N,N,N,Y,N,N,N,Y,Y,N,N,N,N,N,N,N,N,N,N,Y,N,N,N,N,N,N,N
Lucius,Emperor's Children,Chaos,N,N,N,6,,6,Eviscerating,,,,,,,N,N,N,N,N,N,N,N,N,N,N,N,N,N,N,N,N,N,N,N,N,N,N,N,N,N,N,N,Y,N,N,N,N,N,N,N,N,N,N,Y,N,N,N,N,N,N,N,N,N,Y,N,N,N,N,N,N,N,N,N,Y,N,N,N,N
Lysander,Adeptus Astartes,Imperial,N,N,N,1,,1,Power,,Y,N,Y,N,Deep Strike Terminator; heals and shields self and nearby Terminator Armour allies via Titanhammer Squad; buffs their Damage/Armour via Icon of Obstinacy passive.,N,N,N,N,N,N,N,Y,N,N,Y,N,N,N,N,N,N,N,N,N,N,N,N,N,N,N,N,N,N,N,N,N,N,Y,N,N,N,Y,N,N,N,N,N,N,N,N,N,N,N,N,N,N,N,N,N,N,N,N,N,Y,N,N,N,N
Macer,World Eaters,Chaos,N,N,N,3,,3,Physical,,,,,,,N,N,N,N,Y,N,N,N,N,N,N,N,N,N,N,N,N,N,N,N,N,N,N,N,N,N,N,N,N,N,N,N,N,Y,N,N,N,N,N,N,N,N,N,N,N,N,N,N,N,N,N,N,N,N,N,N,Y,N,N,N,N,N,N,N
Makhotep,Necrons,Xenos,N,N,Y,1,2,2,,Molecular,Y,,,,,N,N,N,N,N,N,N,N,N,N,N,N,N,N,N,N,N,N,N,N,N,N,Y,N,Y,N,N,N,N,N,N,N,N,N,N,N,N,N,N,N,N,N,N,N,N,N,N,N,N,N,N,N,N,N,Y,N,Y,N,N,N,N,N,N,N
Maladus,Death Guard,Chaos,N,N,N,3,,3,Physical,,,,,,,N,N,N,N,N,N,Y,N,N,N,N,N,N,N,N,N,N,N,N,N,N,N,N,N,N,N,N,N,N,N,N,N,N,Y,N,N,N,Y,N,N,N,N,N,N,N,N,N,N,N,N,N,N,N,N,N,N,N,N,N,Y,N,N,N,Y
Marneus Calgar,Ultramarines,Imperial,N,N,N,2,,2,Bolter,,,,,,,N,N,N,N,N,N,N,Y,N,N,N,N,N,Y,N,N,N,N,N,N,N,N,N,N,N,N,Y,N,N,N,N,N,N,N,N,N,N,N,N,N,N,N,N,N,N,Y,N,N,N,N,N,N,N,N,N,N,N,N,N,Y,N,N,N,N
Marshal Dreir,Astra Militarum,Imperial,N,N,N,3,,3,Physical,,Y,,,Y,,N,N,N,N,N,N,N,N,N,N,N,N,N,N,N,N,N,N,N,N,N,N,N,N,N,N,N,N,N,N,N,N,N,Y,N,N,N,N,N,N,Y,N,N,N,Y,N,N,N,N,N,N,N,N,N,N,N,N,N,N,Y,N,N,N,N
Mataneo,Blood Angels,Imperial,N,N,N,1,,1,Physical,,,,,Y,,N,N,N,N,N,N,N,N,N,N,Y,N,N,N,Y,N,N,N,N,N,N,N,N,N,N,N,N,N,N,N,N,N,Y,N,N,N,N,N,N,N,N,N,N,N,N,N,N,N,N,N,N,N,N,N,N,N,Y,N,Y,Y,N,N,N,N
Maugan Ra,Aeldari,Xenos,N,N,Y,5,6,6,,Piercing,,,,,,N,N,N,N,N,N,N,N,N,N,N,N,N,N,N,N,N,Y,N,N,N,N,N,N,N,N,N,Y,N,N,N,N,N,N,N,N,N,N,Y,N,N,N,N,N,N,N,N,Y,N,N,N,Y,N,N,N,N,N,N,N,Y,N,N,N,N
Mephiston,Blood Angels,Imperial,N,N,Y,3,2,2,,Psychic,,,,,,N,N,N,N,N,N,N,N,N,N,N,N,N,N,N,N,N,N,N,N,N,N,N,N,N,N,N,N,N,N,Y,N,Y,N,N,N,N,N,Y,N,N,N,N,N,N,N,N,N,N,N,N,N,N,N,N,N,N,N,N,N,N,Y,N,N
Morvenn Vahl,Adepta Sororitas,Imperial,N,N,Y,2,3,3,Power,Bolter,,,,,,Y,N,N,Y,N,N,N,N,N,N,N,N,Y,N,N,N,N,N,N,N,N,N,N,N,N,Y,N,N,N,N,N,N,N,N,N,N,N,N,N,N,N,N,N,N,Y,Y,N,N,N,N,N,N,N,N,N,N,N,N,N,Y,N,N,N,N
Nauseous Rotbone,Death Guard,Chaos,N,N,N,4,,4,Physical,,,,,,,N,N,N,N,N,N,Y,N,N,N,N,N,N,N,N,N,Y,N,N,N,N,N,N,N,N,N,N,N,N,N,N,N,N,Y,N,N,N,N,N,N,N,N,N,N,N,N,N,N,N,N,N,N,N,N,N,N,N,N,N,Y,N,N,N,Y
Neurothrope,Tyranids,Xenos,N,N,Y,1,1,1,,Psychic,,,,,,N,N,N,N,N,N,N,N,N,N,N,N,N,N,Y,N,N,N,N,N,N,N,N,N,N,N,N,N,N,N,Y,Y,N,N,Y,N,Y,N,N,N,N,N,N,N,N,N,N,N,N,N,N,N,N,N,N,N,Y,N,N,N,N,Y,N,N
Nicodemus,Blood Angels,Imperial,N,N,N,3,,3,,,,,,,,N,N,N,N,N,N,N,N,N,N,N,N,N,N,N,N,Y,N,N,N,N,N,N,N,N,N,N,N,N,N,N,N,Y,N,N,N,N,N,N,N,N,N,N,N,N,N,Y,N,N,N,N,N,N,N,N,N,N,N,N,N,N,N,N,N
Njal,Space Wolves,Imperial,N,N,Y,3,2,2,Physical,Psychic,,,,,,N,N,N,N,N,N,N,N,N,N,N,N,N,N,N,N,N,N,N,N,N,N,N,N,N,N,N,N,N,N,Y,N,N,N,N,N,N,Y,N,N,Y,N,N,N,N,N,N,N,N,N,N,N,N,N,N,N,N,N,N,N,N,Y,N,N
Parasite of Mortrex,Tyranids,Xenos,N,N,N,1,,1,Physical,,,,,Y,,N,N,N,N,N,N,N,N,N,N,N,N,N,N,Y,N,N,N,N,N,N,N,N,N,N,N,N,N,N,N,N,N,N,N,N,N,Y,N,N,N,N,N,N,N,N,N,N,N,N,N,N,N,N,N,N,N,N,N,N,N,N,N,N,Y
Pestillian,Death Guard,Chaos,N,N,N,1,,1,Toxic,,,,,,,N,N,N,N,N,N,Y,N,N,N,N,N,N,N,N,N,N,N,N,N,N,N,N,N,N,N,N,N,N,N,N,N,N,Y,N,N,N,N,N,N,N,N,N,N,Y,N,N,N,N,N,N,N,N,N,N,N,N,N,N,N,N,N,N,Y
Ragnar,Space Wolves,Imperial,N,N,N,7,,7,Piercing,,,,,,,N,N,Y,N,N,N,N,N,N,N,N,N,N,Y,N,N,N,N,N,N,N,N,N,N,N,N,N,N,N,N,N,N,Y,N,N,N,N,N,N,N,N,N,N,N,N,N,Y,N,N,N,N,N,N,N,N,N,N,N,N,N,N,N,N,N
Ramus,Dark Angels,Imperial,N,N,Y,1,1,1,Melta,Bolter,,,,,,N,N,N,N,N,N,N,N,N,N,N,N,N,N,N,N,N,N,N,N,N,N,N,N,N,N,N,Y,N,N,N,N,N,N,N,N,N,N,N,N,N,N,N,N,N,Y,N,N,N,N,N,N,N,Y,N,N,N,N,N,N,N,N,N,N
Re'vas,Tau Empire,Xenos,N,N,Y,6,6,6,,Pulse,,,,Y,,N,N,N,Y,N,N,N,N,N,N,N,N,N,N,Y,N,N,N,N,N,N,N,N,N,N,Y,N,N,N,N,N,Y,N,N,N,N,N,N,N,N,N,N,N,N,N,N,N,N,N,N,Y,N,N,N,N,Y,N,N,N,N,N,N,Y,N
Roswitha,Adepta Sororitas,Imperial,N,N,Y,3,2,2,Physical,Bolter,,,,,,Y,N,N,N,N,N,N,N,N,N,N,N,N,N,N,N,N,N,N,N,N,N,N,N,N,N,N,N,N,N,N,N,N,N,N,N,N,N,N,N,N,N,N,N,N,Y,Y,N,N,N,Y,N,N,N,N,N,N,N,N,N,N,N,N,N
Sarquael,Dark Angels,Imperial,N,N,Y,1,1,1,Physical,Bolter,,,,,,N,N,N,N,N,N,N,N,N,N,N,N,N,Y,N,N,N,Y,N,N,N,N,N,N,N,N,N,Y,N,N,N,N,N,N,N,N,N,N,N,N,N,N,N,N,N,N,N,N,N,N,N,N,N,N,N,N,Y,N,Y,N,N,N,N,N
Sekhetar,Thousand Sons,Chaos,N,N,Y,2,2,2,Power,Heavy Round,N,N,Y,N,"Heavy Warpflamer deals Flame damage, extra hits scale with allied Psychic-damage attacks this turn; Prophetic Sentinel grants adjacent Chaos allies +Armour and adjacent Psyker allies +Block Chance/+Block Damage.",N,N,N,N,N,Y,N,N,N,N,N,N,N,N,N,N,N,N,N,Y,N,N,N,N,N,Y,N,Y,N,N,N,N,N,N,N,N,N,N,N,N,N,N,Y,N,N,N,N,N,N,N,Y,Y,N,N,N,N,N,N,N,Y,N,N,N,N
Shiron,Emperor's Children,Chaos,N,N,Y,3,6,6,Chain,Energy,,,,,,N,N,N,N,N,N,N,N,N,N,N,N,N,N,N,N,N,Y,N,N,N,N,N,N,N,N,N,N,N,N,N,N,N,N,N,Y,N,N,N,Y,N,N,N,N,Y,N,N,N,N,Y,N,N,N,N,N,N,N,N,N,N,N,N,N,N
Sho'syl,Tau Empire,Xenos,N,N,Y,1,1,1,,Pulse,,,,Y,,N,N,N,N,N,Y,N,N,N,N,N,N,N,N,N,N,N,N,N,N,N,N,N,N,N,N,N,N,N,N,N,Y,N,N,N,N,N,N,N,N,N,N,N,N,N,N,N,N,N,N,N,Y,N,N,N,N,N,Y,N,N,N,N,Y,N
Sibyll Devine,Astra Militarum,Imperial,N,N,Y,1,1,1,Physical,Psychic,,,Y,,,N,N,N,N,N,N,N,N,N,N,N,N,N,N,N,N,N,N,N,N,N,N,N,N,N,N,N,N,N,N,Y,N,N,N,N,N,N,N,N,N,N,N,N,N,N,N,N,N,N,N,N,N,N,N,N,N,N,N,N,N,N,Y,N,N
Snappawrecka,Orks,Xenos,N,N,Y,3,3,3,Physical,Physical,,,,,,N,N,N,Y,N,N,N,N,N,N,N,N,Y,N,N,Y,N,N,N,N,N,N,N,N,N,Y,N,N,N,N,N,N,N,N,N,N,N,N,N,N,N,N,N,N,N,N,Y,N,N,N,N,N,N,N,N,N,N,N,N,N,Y,N,N,N
Snotflogga,Orks,Xenos,N,N,N,3,,3,Physical,,,,,Y,,N,N,Y,N,N,N,N,N,N,N,N,N,N,N,N,Y,N,N,N,N,N,N,N,N,N,N,N,N,N,N,N,N,N,N,N,N,N,N,N,N,N,N,N,N,N,N,N,N,N,N,N,N,N,N,N,N,Y,N,N,N,N,N,N,N
Sword Brother Godswyl,Black Templars,Imperial,N,N,N,1,,1,Physical,,,,,,,N,N,N,N,N,N,N,N,N,N,N,N,N,N,N,N,N,N,N,N,N,N,N,N,N,N,N,N,Y,N,N,N,Y,N,N,N,N,N,N,N,N,N,N,N,N,N,N,N,N,N,N,N,N,N,N,N,N,N,N,Y,N,N,N,N
Sy-Gex,Adeptus Mechanicus,Imperial,N,N,Y,4,4,4,,Heavy Round,,,,,,N,N,N,N,N,N,N,N,N,N,N,N,N,N,N,N,N,Y,N,N,N,N,N,N,N,N,N,Y,N,N,N,N,N,N,N,N,N,N,N,N,N,Y,N,N,N,N,N,N,N,N,Y,N,N,N,N,N,Y,N,N,N,N,N,N,N
Tan Gi'da,Adeptus Mechanicus,Imperial,N,N,Y,2,1,1,,Las,,,Y,Y,,N,N,N,N,N,N,N,N,N,N,N,N,N,N,N,N,N,N,N,N,N,N,N,N,N,Y,N,N,N,N,N,N,N,N,N,N,N,N,N,N,N,N,N,N,N,N,N,N,N,N,N,N,N,N,N,N,Y,N,N,N,N,N,N,Y
Tanksmasha,Orks,Xenos,N,N,N,3,,3,Physical,,,,,,,N,N,Y,N,N,N,N,N,N,N,N,N,N,N,N,Y,N,N,N,N,N,N,N,N,N,N,N,N,N,N,N,N,N,N,N,N,N,N,N,N,Y,N,N,N,N,N,N,Y,N,Y,N,N,N,N,N,N,N,N,N,N,N,N,N,N
Tarvakh,World Eaters,Chaos,N,N,N,1,,1,Piercing,,,,,,,N,N,N,N,Y,N,N,N,N,N,N,N,N,N,N,N,N,N,N,N,N,N,N,N,N,N,N,N,N,N,N,N,Y,N,N,N,N,N,N,N,N,N,N,N,N,N,N,N,N,N,N,N,N,N,N,N,N,Y,N,N,N,N,N,N
Thaddeus Noble,Astra Militarum,Imperial,N,N,Y,1,3,3,Physical,Blast,,,,,,N,N,N,N,N,N,N,N,N,N,N,N,N,N,N,N,N,N,Y,N,N,N,N,N,N,N,N,N,N,N,N,N,N,N,N,Y,N,N,N,N,N,N,N,N,Y,N,N,N,N,N,N,N,Y,N,N,N,N,N,N,N,N,N,N,N
Thaumachus,Thousand Sons,Chaos,N,N,Y,1,1,1,,Psychic,,,Y,,,N,N,N,N,N,N,N,N,N,N,N,N,N,N,Y,N,N,N,N,N,N,N,N,N,N,N,N,N,N,N,Y,N,N,N,N,N,N,N,N,N,N,N,Y,N,N,N,N,N,N,N,Y,N,N,N,N,N,N,N,N,N,N,Y,N,N
The Patermine,Genestealer Cults,Xenos,N,N,N,5,,5,Psychic,,,,,Y,,N,N,N,N,N,N,N,N,N,N,N,N,N,N,N,N,N,N,N,Y,N,N,N,N,N,N,N,N,N,N,N,N,N,N,N,N,Y,N,Y,N,Y,N,N,N,N,N,N,N,N,Y,N,N,N,N,N,N,N,N,N,N,N,Y,N,N
Thothmek,Necrons,Xenos,N,N,Y,1,2,2,,Molecular,,,Y,,,N,N,N,N,N,N,N,N,N,N,N,N,N,N,Y,N,N,N,N,N,N,N,Y,N,N,N,N,N,N,N,N,N,N,N,N,Y,N,N,N,N,N,N,N,N,N,N,N,N,Y,N,N,N,N,N,N,N,Y,N,N,N,N,N,N,N
Thutmose,Necrons,Xenos,N,N,Y,1,2,2,,Molecular,,,,,,N,N,N,N,N,N,N,N,N,N,N,N,N,N,Y,N,N,N,N,N,N,N,Y,N,N,N,N,N,N,N,N,N,N,N,N,N,N,N,N,N,N,N,N,N,N,N,N,Y,N,N,N,N,N,N,N,N,N,N,Y,N,N,N,N,N
Titus,Ultramarines,Imperial,N,N,N,4,,4,Bolter,,Y,,,,,N,N,Y,N,N,N,N,N,N,N,N,N,N,Y,N,N,N,N,N,N,N,N,N,N,N,N,N,N,N,N,N,N,N,N,N,N,N,N,N,N,N,N,N,N,N,Y,Y,N,N,N,N,N,N,N,N,N,N,N,N,N,N,N,N,N
Tjark,Space Wolves,Imperial,N,N,N,4,,4,Physical,,,,,,,N,N,N,N,N,N,N,N,N,N,N,N,N,N,N,N,N,N,N,Y,N,N,N,N,N,N,N,N,N,N,N,N,N,N,N,N,N,N,Y,N,N,N,N,N,N,N,N,N,N,N,N,N,N,N,N,N,Y,N,N,N,N,N,N,N
Toth,Thousand Sons,Chaos,N,N,Y,4,5,5,Physical,Psychic,Y,,,,,N,N,N,N,N,N,N,N,N,N,N,N,N,N,N,N,N,N,N,N,N,N,N,N,N,N,N,N,N,N,N,N,N,N,N,Y,N,Y,N,N,N,N,Y,N,N,N,N,N,N,N,Y,Y,N,N,N,N,N,N,N,Y,N,N,N,N
Trajann,Adeptus Custodes,Imperial,N,N,N,3,,3,Piercing,,,,,,,N,N,N,N,N,N,N,Y,N,N,N,N,N,N,N,N,N,N,N,N,N,N,N,Y,N,N,N,N,N,N,N,N,N,Y,N,N,N,N,N,N,N,N,N,N,N,Y,N,N,N,N,N,N,N,N,N,N,N,Y,N,N,N,N,N,N
Typhus,Death Guard,Chaos,N,N,Y,1,1,1,Toxic,Psychic,,,,,,N,N,N,N,N,N,Y,N,N,N,N,N,N,N,N,N,N,N,N,N,N,N,N,N,N,N,N,N,N,N,Y,N,N,Y,N,N,N,Y,N,N,N,N,N,N,N,N,N,Y,N,N,N,N,N,N,N,N,N,N,N,Y,N,Y,N,N
Tyrant Guard,Tyranids,Xenos,N,N,N,2,,2,Physical,,,,Y,,,N,N,N,Y,N,N,N,Y,N,N,N,N,N,N,N,N,N,N,N,N,N,N,N,N,N,N,N,N,N,N,N,N,N,N,N,N,N,N,N,N,N,N,N,N,N,N,N,N,N,N,N,N,N,N,N,N,Y,Y,N,N,N,N,N,N
Tyrith,Adeptus Custodes,Imperial,N,N,Y,3,2,2,,Bolter,,Y,,,,N,N,N,N,N,N,N,N,N,N,N,N,N,N,N,N,N,N,N,N,N,N,N,Y,N,N,N,N,N,N,N,N,N,Y,N,N,N,N,N,N,N,N,N,N,N,Y,N,N,N,N,N,N,N,N,N,N,N,N,N,Y,N,N,N,N
Ulf,Space Wolves,Imperial,N,N,N,3,,3,Piercing,,,,,,,N,N,N,N,N,N,N,N,N,N,N,N,N,Y,N,N,N,N,N,N,N,N,N,N,N,N,N,N,N,N,N,N,N,N,N,N,N,N,N,N,Y,N,N,N,N,N,N,N,N,N,N,N,N,N,N,N,N,Y,N,Y,N,N,N,N
Uthar,Leagues of Votann,Xenos,N,N,Y,3,4,4,,Plasma,,,,,,N,N,N,N,N,N,N,N,N,N,N,N,N,N,N,N,N,N,N,N,N,N,N,N,N,N,N,N,N,Y,N,N,N,Y,N,N,N,N,N,N,N,N,N,N,N,N,N,N,Y,N,N,N,N,N,N,N,N,N,Y,N,N,N,N,N
Varro Tigurius,Ultramarines,Imperial,N,N,Y,1,1,1,Physical,Psychic,,,Y,,,N,N,N,N,N,N,N,N,N,N,N,N,N,N,N,N,N,N,N,N,N,N,N,N,N,N,N,N,N,N,Y,N,N,N,N,N,N,N,N,N,N,N,N,N,N,N,N,N,N,N,N,N,N,N,N,N,Y,N,N,N,N,Y,N,N
Vindicta,Adepta Sororitas,Imperial,N,N,Y,1,4,4,Physical,Flame,,,,,,Y,N,N,N,N,N,N,N,N,N,N,N,N,N,N,N,N,Y,N,N,N,N,N,N,N,N,N,N,N,N,N,N,N,N,N,N,N,N,N,N,N,N,N,N,N,N,N,N,N,N,Y,N,N,N,N,N,Y,N,N,N,N,N,N,N
Vitruvius,Adeptus Mechanicus,Imperial,N,N,Y,1,1,1,,Energy,,,,,,N,N,N,N,N,N,N,N,N,N,N,N,N,N,N,N,N,N,N,N,N,N,N,N,Y,Y,N,N,N,N,N,N,N,N,N,N,N,N,N,N,N,N,N,N,N,N,N,N,N,N,N,N,N,N,Y,N,N,N,N,Y,N,N,N,Y
Volk,Black Legion,Chaos,N,N,Y,4,6,6,Eviscerating,Eviscerating,,,,,,N,N,N,Y,N,N,N,N,Y,N,N,N,N,N,N,N,N,Y,N,N,N,Y,N,N,N,N,N,N,N,N,N,N,N,N,N,Y,N,N,N,N,N,N,N,N,N,N,N,N,N,N,Y,Y,N,Y,N,N,N,N,N,Y,N,N,N,N
Vynn,Leagues of Votann,Xenos,N,N,N,3,,3,,Particle,,,,Y,,N,N,N,N,N,N,N,N,N,N,N,N,N,N,N,N,N,N,N,N,N,N,N,N,Y,N,N,N,N,Y,N,N,N,N,N,N,N,N,N,N,N,N,N,N,N,N,N,N,N,N,N,N,N,N,N,N,Y,N,N,Y,N,N,N,N
Winged Prime,Tyranids,Xenos,N,N,N,6,,6,Physical,,,,,Y,,N,N,N,N,N,N,N,N,N,N,N,N,N,Y,Y,N,N,N,N,N,N,N,N,N,N,N,N,N,N,N,N,N,N,N,N,N,Y,N,N,N,N,N,N,Y,N,N,N,N,N,N,N,N,N,N,N,N,N,N,N,N,N,N,N,N
Wrask,World Eaters,Chaos,N,N,N,4,,4,Physical,,,,Y,,,N,N,N,N,Y,N,N,N,N,N,Y,N,N,N,N,N,N,N,N,N,N,N,N,N,N,N,N,N,N,N,N,N,Y,N,N,N,N,Y,N,N,Y,N,N,N,N,N,Y,N,N,N,Y,N,N,N,N,N,N,N,N,N,N,N,N,N
Xybia,Genestealer Cults,Xenos,N,N,Y,2,2,2,,Psychic,,,,Y,,N,Y,N,N,N,N,N,N,N,N,N,N,N,N,N,N,N,N,N,N,N,N,N,N,N,N,N,N,N,N,Y,N,N,N,N,N,N,N,N,N,N,N,N,N,N,N,N,N,N,N,N,N,N,N,N,N,N,N,N,N,N,Y,N,N
Yazaghor,Thousand Sons,Chaos,N,N,Y,1,1,1,,Psychic,,,,,,N,N,N,N,N,N,N,N,N,N,N,N,N,N,Y,N,N,N,N,N,N,N,N,N,N,N,N,N,N,N,N,N,N,N,N,N,N,N,N,N,N,N,Y,N,N,N,N,N,N,N,N,Y,N,N,N,N,Y,N,N,N,N,Y,N,N
Z'kar,Thousand Sons,Chaos,Y,N,N,3,,3,,,,,,,Machine of War (Thousand Sons). Fields as a normal playable character with a real stat block; transforms into MoW form via its own ability rather than lacking on-battlefield stats. Confirmed via wiki.gg; previously miscategorized as Is_MoW=N.,N,N,N,Y,N,N,N,N,Y,N,N,N,N,N,N,N,N,N,N,N,N,N,N,N,N,N,N,N,N,N,Y,N,N,N,N,N,N,N,N,N,N,N,Y,N,N,N,N,N,N,N,Y,N,N,N,N,N,N,N,N,N,N,Y,N,N
Galatian,Ultramarines,Imperial,Y,N,Y,5,6,6,Power,Projectile,,,,,"Machine of War. Deploys as a stationary summon via ""Duty Eternal""; once deployed cannot be redeployed for rest of battle. Limited LE eligibility likely.",N,N,N,Y,N,N,N,N,N,N,N,N,N,N,N,N,N,N,N,N,N,N,N,N,N,Y,N,Y,N,N,N,N,N,N,N,N,N,N,N,N,N,Y,N,N,N,N,N,N,N,N,N,N,N,N,N,N,N,N,Y,Y,Y,N,N,N
Reanimator,Necrons,Xenos,Y,N,N,,,,,,,,,,"Machine of War. Pure off-board support/repair unit, no base attack stat block; heals/revives allies only. Very recent unit, likely limited LE eligibility.",N,N,N,N,N,N,N,N,N,N,N,N,N,N,N,N,N,N,N,N,N,N,N,N,N,N,N,N,N,N,N,N,N,N,N,N,N,N,N,N,N,N,N,N,N,N,N,N,N,N,N,N,N,N,N,N,N,N,N,N,N,N,N,N
Tson'ji,Tau Empire,Xenos,Y,N,Y,,,,,Piercing / Blast,,,,,"Machine of War (Shas'vre Vior'la Tson'ji, XV88 Broadside Battlesuit). No base attack stat block; abilities-only unit.",N,N,N,N,N,N,N,N,N,N,N,N,N,N,N,N,N,N,N,N,N,N,N,N,N,N,N,N,N,N,N,N,N,N,N,N,N,N,N,N,N,N,N,N,Y,N,N,N,N,N,N,N,N,N,N,N,N,Y,N,N,N,N,N,N
Exorcist,Adepta Sororitas,Imperial,Y,N,Y,,,,,Flame / Blast,,,,,Machine of War (Artillery Tank). No base attack stat block; abilities-only unit.,N,N,N,N,N,N,N,N,N,N,N,N,N,N,N,N,N,N,N,N,N,N,N,N,N,N,N,N,N,N,N,N,N,N,N,N,N,N,N,N,N,N,N,N,Y,N,N,N,N,N,Y,N,N,N,N,N,N,N,N,N,N,N,N,N
Storm Speeder,Dark Angels,Imperial,Y,N,Y,,,,,Heavy Round / Projectile,,,,,"Machine of War (Storm Speeder Hailstrike, Ravenwing Strike Craft). No base attack stat block; abilities-only unit. Very recent unit, likely limited LE eligibility.",N,N,N,N,N,N,N,N,N,N,N,N,N,N,N,N,N,N,N,N,N,N,N,N,N,N,N,N,N,N,N,N,N,N,N,N,N,N,N,N,N,N,N,N,N,N,N,N,N,N,N,Y,N,N,N,N,N,N,N,N,Y,N,N,N
Malleus Rocket Launcher,Astra Militarum,Imperial,Y,N,Y,,,,,Blast,,,,,"Machine of War (Field Ordnance Battery). No base attack stat block; abilities-only unit. Secondary ability summons a Cadian Guardsman (Physical/Las) which is a separate unit, not counted as this unit's own damage.",N,N,N,N,N,N,N,N,N,N,N,N,N,N,N,N,N,N,N,N,N,N,N,N,N,N,N,N,N,N,N,N,N,N,N,N,N,N,N,N,N,N,N,N,Y,N,N,N,N,N,N,N,N,N,N,N,N,N,N,N,N,N,N,N
Rukkatrukk,Orks,Xenos,Y,N,Y,,,,,Physical / Blast,,,,,"Machine of War (Rukkatrukk Squigbuggy, Speedfreeks Trukk). No base attack stat block; abilities-only unit.",N,N,N,N,N,N,N,N,N,N,N,N,N,N,N,N,N,N,N,N,N,N,N,N,N,N,N,N,N,N,N,N,N,N,N,N,N,N,N,N,N,N,N,N,Y,N,N,N,N,N,N,N,N,N,N,N,Y,N,N,N,N,N,N,N
Biovore,Tyranids,Xenos,Y,N,Y,,,,,Toxic,,,,,"Machine of War (Artillery Organism). No base attack stat block; abilities-only unit, summons Spore Mines.",N,N,N,N,N,N,N,N,N,N,N,N,N,N,N,N,N,N,N,N,N,N,N,N,N,N,N,N,N,N,N,N,N,N,N,N,N,N,N,N,N,N,N,N,N,N,N,N,N,N,N,N,N,N,N,N,N,N,N,N,N,N,N,Y
Forgefiend,Black Legion,Chaos,Y,N,Y,,,,,Flame / Plasma,,,,,Machine of War (Daemon Engine). No base attack stat block; abilities-only unit.,N,N,N,N,N,N,N,N,N,N,N,N,N,N,N,N,N,N,N,N,N,N,N,N,N,N,N,N,N,N,N,N,N,N,N,N,N,N,N,N,N,N,N,N,N,N,N,N,N,N,Y,N,N,N,N,N,N,N,Y,N,N,N,N,N
Plagueburst Crawler,Death Guard,Chaos,Y,N,Y,,,,,Energy / Toxic,,,,,Machine of War (Daemon Engine). No base attack stat block; abilities-only unit.,N,N,N,N,N,N,N,N,N,N,N,N,N,N,N,N,N,N,N,N,N,N,N,N,N,N,N,N,N,N,N,N,N,N,N,N,N,N,N,N,N,N,N,N,N,N,N,N,Y,N,N,N,N,N,N,N,N,N,N,N,N,N,N,Y
