Name,Source,Ability,Effect,Receives,Reach,Lasts,Condition,Values_D3,Needs_Review,Notes,Ability_Text
Abaddon The Despoiler,Passive,First Among Traitors,flat:extraDmg:all:trig=maxDmg,Chaos,2 hexes,battle,always,"L36: +169 Damage (All triggered: 614) | L50: +499 Damage (All triggered: 1,786)",Y,"Grows by +extraDmg_2 for each attack Abaddon makes, up to the maximum after 13. Draft: the starting value in Always-on, the maximum in All triggered. OWNER: or the value after about 5 attacks?","Other friendly Chaos units within {[range]} hexes deal +{[extraDmg]} Damage. This value is increased by +{[extraDmg_2]} Damage for each attack Abaddon has performed in this battle, up to a maximum of +{[maxDmg]} Damage after 13 attacks."
Abraxas,Passive,Infernal Pacts,extra:1xPsychic(minDmg-maxDmg):normal-ranged; extra:1xPsychic(minDmg-maxDmg):normal-melee:who=Daemon,Chaos,adjacent,battle,always,"L36: +1x Psychic 506 [normal-ranged]; +1x Psychic 506 [normal-melee, who Daemon] | L50: +1x Psychic 1,497 [normal-ranged]; +1x Psychic 1,497 [normal-melee, who Daemon]",N,"An extra Psychic hit on normal ranged attacks, so it only helps Chaos allies with a ranged attack (Daemons get it in melee too).",Friendly Chaos units adjacent to Abraxas deal an additional {[nrOfHits]}x {[minDmg]}-{[maxDmg]} Psychic Damage with their normal ranged attacks. Affected Daemons also gain the bonus hit on their normal melee attack.
Actus,Passive,Galvanic Field,attack:dmgPct:all:cap=maxDmg,Mechanical,one,each Actus turn,always,"L36: +100% Damage extra attack (max 2,023 a hit) | L50: +100% Damage extra attack (max 5,983 a hit)",Y,"The repaired ally makes an extra attack at 100% of its Damage (capped per hit). Only Mechanical units can be repaired. It costs Actus his action (he repairs instead of attacking). OWNER: count as always, or only with All triggered?","Whenever Actus repairs another unit, that unit immediately attacks a target in range, dealing {[dmgPct]}% of its own Damage to a maximum of {[maxDmg]} Damage per hit. Actus can repair other friendly units even if they are at full Health."
Adamatar,Passive,Obsessive Annunciation,taken:extraDmg:ranged; critdmg:extraCritDmg:all:who=Chaos@trig,all,target,battle,always,"L36: +371 Damage taken [ranged]; +371 Crit Damage [who Chaos, All triggered] | L50: +1,096 Damage taken [ranged]; +1,096 Crit Damage [who Chaos, All triggered]",N,Enemies next to Adamatar (his melee target is) take more damage from ranged attacks. The Crit Damage part needs an Overkill this turn (All triggered) and only matters with crits.,"All enemy units adjacent to Adamatar take +{[extraDmg]} Damage from ranged attacks. If an enemy was Overkilled this turn, enemies adjacent to Adamatar take +{[extraCritDmg]} Crit Damage from all attacks by friendly Chaos units."
Aesoth,Passive,Stand Vigil,pct:extraDmgPct:ability,all,adjacent,battle,always,L36: +25% damage [ability] | L50: +25% damage [ability],N,"Only attacks that are not normal attacks (actives), so it only shows with the Active switch on. When a Custodes uses an active it reaches 2 hexes for a round (not counted). The Armour part is Defence side.","Friendly surrounding units have +{[extraArmor]} Armour and deal +{[extraDmgPct]}% Damage with attacks that are not normal attacks. If a friendly Adeptus Custodes uses an Active Ability, Stand Vigil affects all other friendly units within {[range]} hexes for 1 round."
Aethana,Passive,Path Of Command,flat:extraDmg; flat:extraDmg_2:all:who=Aeldari; critchance:extraCritChance:all:gearonly,all,2 hexes,battle,always,L36: +135 Damage; +101 Damage [who Aeldari]; +20% crit chance | L50: +400 Damage; +299 Damage [who Aeldari]; +20% crit chance,N,"Aeldari get both Damage bonuses. The crit chance only helps allies who already have one, so only with gear.",Other friendly units within {[range]} hexes gain +{[extraDmg]} Damage. Their Crit chance – if they have one – is increased by +{[extraCritChance]}%. Affected Aeldari units gain an additional +{[extraDmg_2]} Damage.
Ahriman,Passive,Psychic Stalk,pct:extraDmgPct:all:type=Flame|Psychic; flat:extraDmg:all:type=Flame|Psychic:who=Chaos,all,target,battle,always,"L36: +33% damage [type Flame|Psychic]; +169 Damage [type Flame|Psychic, who Chaos] | L50: +33% damage [type Flame|Psychic]; +499 Damage [type Flame|Psychic, who Chaos]",Y,"Only Flame and Psychic attacks, against an enemy on a Fire hex; Ahriman's normal ranged attack sets the target's hex on Fire. Needs the support to hit the target first (the model's team focuses one enemy, so counted as always). OWNER: one decision covers Ahriman, Darkstrider, Lhykhis and Vitruvius.",Attacks that deal Flame Damage and Psychic Damage to enemies that are on hexes with Fire deal +{[extraDmgPct]}% Damage. Affected attacks from friendly Chaos units deal an additional +{[extraDmg]} Damage. The hex of each enemy that is hit by Ahriman's normal ranged attack catches Fire.
Ammuk,Passive,Predictive Guidance,hits:extraHits:all:who=Leagues of Votann; flat:extraDmg:melee@trig; flat:extraDmg_2:ranged@trig,Leagues of Votann|Mechanical,target,battle,always,"L36: +1 hit(s) [who Leagues of Votann]; +304 Damage [melee, All triggered]; +304 Damage [ranged, All triggered] | L50: +1 hit(s) [who Leagues of Votann]; +898 Damage [melee, All triggered]; +898 Damage [ranged, All triggered]",Y,"The extra hit (Votann only) always works on enemies within 2 hexes of Ammuk. The +Damage depends on whether the enemy moved (ranged) or stood still (melee), so it is All triggered only. OWNER: agree?","Enemies within 2 hexes of Âmmuk are affected by Predictive Guidance. If an affected enemy did not move in its last turn, other friendly Leagues of Votann or Mechanical units deal +{[extraDmg]} Damage with melee attacks against it. If an affected enemy moved in its last turn, other friendly Leagues of Votann or Mechanical units deal +{[extraDmg_2]} Damage with ranged attacks against it. Other friendly Leagues of Votann units also score an additional hit with all attacks against affected enemies."
Ancient Thoread,Passive,Astartes Banner,hits:extraHits:melee:cap=maxDmg,all,2 hexes,battle,always,"L36: +1 hit(s) (max 2,529 a hit) [melee] | L50: +1 hit(s) (max 7,477 a hit) [melee]",N,"One extra melee hit, capped at maxDmg.",Other friendly units within {[range]} hexes score an additional hit with their melee attacks. This additional hit can deal a maximum of {[maxDmg]} Damage.
Anuphet,Passive,My Will Be Done,attack:dmgPct:all:cap=maxDmg,Mechanical,one,each Anuphet turn,always,"L36: +100% Damage extra attack (max 2,023 a hit) | L50: +100% Damage extra attack (max 5,983 a hit)",N,"A free extra attack for one adjacent Mechanical ally at the end of every Anuphet turn, at no cost to him.","At the end of Anuphet's turn, a friendly adjacent Mechanical unit performs a normal attack against a target in range, using {[dmgPct]}% of its own Damage stat to a maximum of {[maxDmg]} Damage. If no attack was performed this way, Anuphet gains +{[extraDmg]} Damage until the end of his next turn."
Asmodai,Active,Exemplar of Hate,flat:extraDmg:melee; attack:dmgPct:all:cap=maxDmg:vs=Chaos:who=Dark Angels:reach=one,all,target,2 rounds,active,"L36: +337 Damage [melee]; +100% Damage extra attack (max 2,023 a hit) [vs Chaos, who Dark Angels, reach one] | L50: +997 Damage [melee]; +100% Damage extra attack (max 5,983 a hit) [vs Chaos, who Dark Angels, reach one]",N,Everyone gets +Damage in melee against the marked enemy. Against a Chaos enemy a Dark Angel also makes an extra attack. The Overwatch part is not counted (the model has no Overwatch).,"Targets an enemy on the battlefield. For this round and the next, all friendly units deal +{[extraDmg]} Damage against that enemy with melee or Overwatch attacks. If that enemy is Chaos, it gets Suppressed and Asmodai or another friendly Dark Angel immediately performs a normal attack against the target, dealing {[dmgPct]}% of its own damage, to a maximum of {[maxDmg]} Damage per hit."
Atlacoya,Passive,Daughter Of The Abyss,takenpct:extraDmgPct:all:vs=Psyker,all,target,battle,always,L36: +20% damage taken [vs Psyker] | L50: +20% damage taken [vs Psyker],N,Enemy Psykers within 2 hexes take +20% damage. The Psychic protection is Defence side.,Atlacoya takes -{[dmgReduction]} Psychic Damage. Psychic Damage dealt to other friendly units within {[range]} hexes of Atlacoya is reduced by {[dmgReductionPct]}%. Enemy Psykers within {[range]} hexes receive +{[extraDmgPct]}% Damage.
Aun'Shi,Passive,Serene Unifier,flat:extraDmg:all:avg=1/3:who=!Tau Empire; flat:extraDmg:all:avg=1/3:who=Tau Empire:reach=2 hexes,all,adjacent,every third round,always,"L36: +270 Damage (a third of the time) [who !Tau Empire]; +270 Damage (a third of the time) [who Tau Empire, reach 2 hexes] | L50: +797 Damage (a third of the time) [who !Tau Empire]; +797 Damage (a third of the time) [who Tau Empire, reach 2 hexes]",Y,"A three-round cycle, and only round 3 gives Damage (round 1 is Defence side, round 2 is movement). Draft: a third of the value in Always-on, the full value in All triggered. OWNER: agree?","Aun'Shi grants himself, and adjacent friendly units a bonus based on the current round at the beginning of his turn. Friendly T'au Empire units within {[range]} hexes also receive this bonus. The bonus lasts until the start of the unit's next turn, even if Aun'Shi is defeated. The following Buffs are granted subsequently in each round: 1: Sense of Stone: units take -{[dmgReductionPct]}% Damage 2: Zephyr's Grace: units receive +{[extraMovement]} Movement 3: Storm of Fire: units gain +{[extraDmg]} Damage After round 3, the cycle begins again and will continue to repeat until Aun'Shi is defeated."
Aun'Shi,Active,Inspired to Greatness,reuse:active,all,one,once,active,L36: ally uses their active again | L50: ally uses their active again,Y,Lets one adjacent ally use their active a second time (at the lower of the two levels). Counted as that ally's active again. OWNER: count it?,"Enables a friendly unit in an adjacent hex to use their active ability again in this battle and heals or repairs it for {[hpToHeal]} Health. For this second use, the ability is at the lowest of its own level and that of Inspired to Greatness. If that unit has not used their active ability yet, then {[hpToHeal_2]} Health is restored instead."
Azkor,Passive,Beacon Of Rage,flat:extraDmg:melee:mult=4@trig,Chaos,adjacent,battle,trig,"L36: +384 Damage [melee, All triggered] | L50: +1,200 Damage [melee, All triggered]",Y,"Only after Azkor has killed an enemy, and it grows with the times he has been attacked (up to 8). Draft: All triggered only, at the maximum (half of 8 x extraDmg). OWNER: agree?","For each time he was attacked in battle, up to a maximum of {[nrOfAttacks]} times, Azkor deals +{[extraDmg]} Damage. If Azkor has defeated an enemy in this battle, 50% of the extra damage granted by Beacon of Rage is added to the damage of melee attacks of adjacent friendly Chaos units."
Baldr,Passive,Healing Balms,critchance:extraCritChance; critdmg:extraCritDmg,all,one,2 rounds,always,L36: +20% crit chance; +270 Crit Damage | L50: +20% crit chance; +797 Crit Damage,Y,"Needs Baldr to use his action to heal (instead of attacking). Unlike Aethana, the text does not say ""if they have one"", so it should give crits without gear. OWNER: count as always?","When Baldr uses his action to heal a friendly unit, the healed unit has +{[extraCritChance]}% Crit Chance and deals +{[extraCritDmg]} Crit Damage for {[nrOfRounds]} rounds. At the start of its next turn, the affected unit is also healed for {[hpToHeal]} Health. Baldr can heal friendly units even if they are at full Health."
Baldr,Active,Rites of Morkai,flat:extraDmg:all:who=FinalJustice,all,adjacent,1 round,active,L36: +270 Damage [who FinalJustice] | L50: +797 Damage [who FinalJustice],N,"Only allies with Final Vengeance (FinalJustice in the game data), and not Mechanical ones. The revive is Defence side.","Baldr and all surrounding friendly non-mechanical units become Inspired for {[nrOfRounds]} round or until they are revived. The first time each inspired unit would be defeated, it is instead revived with a maximum of {[hp]} Health, unless Overkilled. Inspired units with Final Vengeance deal +{[extraDmg]} Damage with all attacks. After using this ability, Baldr immediately performs a normal melee attack against an adjacent enemy."
Boss Gulgortz,Active,Waaagh!,flat:extraDmg:normal-melee:who=Orks:reach=team; hits:extraHit:normal-melee:who=Orks:reach=team; flat:extraDmg:normal-melee:who=!Orks; hits:extraHit:normal-melee:who=!Orks,all,adjacent,turn,active,"L36: +270 Damage [normal-melee, who Orks, reach team]; +1 hit(s) [normal-melee, who Orks, reach team]; +270 Damage [normal-melee, who !Orks]; +1 hit(s) [normal-melee, who !Orks] | L50: +797 Damage [normal-melee, who Orks, reach team]; +1 hit(s) [normal-melee, who Orks, reach team]; +797 Damage [normal-melee, who !Orks]; +1 hit(s) [normal-melee, who !Orks]",N,"All Orks anywhere, plus anyone next to him. The summoned Ork Boyz are not counted.","If Boss Gulgortz has not moved, he summons {[nrOfSummons]} Ork Boyz in free adjacent hexes. Until the end of this turn, all friendly Orks and friendly units adjacent to Boss Gulgortz gain +{[extraMovement]} Movement and their normal melee attacks deal +{[extraDmg]} Damage and score an additional hit. Boss Gulgortz then charges a targeted enemy in movement range, performing a normal melee attack against it. All friendly Ork Boyz take a turn. Ork Boyz' stats: {[summonHp]} Health {[summonDmg]} Damage {[summonArmor]} Armour"
Commander Farsight,Passive,Way of the Short Blade,armignore:armorIgnored:normal-ranged:notype=Psychic; pct:extraDmgPct:normal-ranged:notype=Psychic; follow::melee:who=Tau Empire,all,2 hexes,battle,always,"L36: +236 Armour ignored [normal-ranged, notype Psychic]; +30% damage [normal-ranged, notype Psychic]; free ranged attack after melee [melee, who Tau Empire] | L50: +698 Armour ignored [normal-ranged, notype Psychic]; +30% damage [normal-ranged, notype Psychic]; free ranged attack after melee [melee, who Tau Empire]",Y,"Ranged attacks against an enemy next to a friendly character: counted as always, since the team's target usually is. T'au characters also get a free ranged attack after each melee attack. OWNER: agree?","Normal ranged attacks of other friendly Characters within {[range]} hexes against enemies that are adjacent to a friendly Character ignore {[armorIgnored]} Armour and deal +{[extraDmgPct]}% Damage, except attacks that deal Psychic Damage. Commander Farsight and other friendly T'au Empire Characters within {[range]} hexes that perform a melee attack immediately perform a normal ranged attack against the same unit, even if they are adjacent to it."
Commander Farsight,Active,Exemplar of the Mont'ka,flat:extraDmg:normal:vs=!BigTarget; flat:extraDmg_2:normal:vs=BigTarget,has:ranged,team,turn,active,"L36: +202 Damage [normal, vs !BigTarget]; +437 Damage [normal, vs BigTarget] | L50: +599 Damage [normal, vs !BigTarget]; +1,298 Damage [normal, vs BigTarget]",N,"Every friendly character with a normal ranged attack, on all their normal attacks. More against Big Targets.","Until the end of this turn, Commander Farsight and all other friendly Characters with a normal ranged attack gain Unstoppable and all their normal attacks deal +{[extraDmg]} Damage. When attacking a Big Target, they deal +{[extraDmg_2]} Damage instead. Using Exemplar of the Mont'ka does not end Commander Farsight's turn."
Commander Shadowsun,Passive,Defender of the Greater Good,flat:extraDmg:ranged:notype=Psychic:who=!Tau Empire; hits:extraHit:ranged:notype=Psychic:chance=chance:who=!Tau Empire; flat:extraDmg:ranged:notype=Psychic:who=Tau Empire:reach=2 hexes; hits:extraHit:ranged:notype=Psychic:chance=chance:who=Tau Empire:reach=2 hexes,all,adjacent,battle,always,"L36: +169 Damage [ranged, notype Psychic, who !Tau Empire]; +1 hit(s) (25% chance) [ranged, notype Psychic, who !Tau Empire]; +169 Damage [ranged, notype Psychic, who Tau Empire, reach 2 hexes]; +1 hit(s) (25% chance) [ranged, notype Psychic, who Tau Empire, reach 2 hexes] | L50: +499 Damage [ranged, notype Psychic, who !Tau Empire]; +1 hit(s) (25% chance) [ranged, notype Psychic, who !Tau Empire]; +499 Damage [ranged, notype Psychic, who Tau Empire, reach 2 hexes]; +1 hit(s) (25% chance) [ranged, notype Psychic, who Tau Empire, reach 2 hexes]",Y,"The extra-hit chance is 25% for each round she has been on the battlefield. Draft: 25% in Always-on, 100% (round 4 on) in All triggered. Her Command-Link Drone also carries the aura (not counted). OWNER: agree?","Friendly units adjacent to Shadowsun or her Command-Link Drone deal +{[extraDmg]} Damage with ranged attacks, except attacks that deal Psychic Damage. Affected attacks also have a chance to score an additional hit. This chance is {[chance]}% for each round in which Shadowsun has been on the battlefield. Friendly T'au Empire units within 2 hexes of Shadowsun or her Command-Link Drone are also affected by this ability."
Commissar Yarrick,Passive,Summary Execution,flat:extraDmg; flat:extraDmg_2@trig,BattleFatigue,team,battle,always,L36: +135 Damage; +67 Damage [All triggered] | L50: +400 Damage; +202 Damage [All triggered],N,"Only units with Battle Fatigue, and no playable character has that trait (it is on summons like Cadian Guardsmen), so it adds nothing to the roster. The second bonus needs one of them to be executed.","Friendly units with Battle Fatigue gain +{[extraDmg]} Damage. The first time a friendly unit would flee due to Battle Fatigue, it is executed instead and all other friendly units with the trait ignore it and gain an additional +{[extraDmg_2]} Damage."
Dante,Passive,Lord of the Host,flat:extraDmg:melee; hits:extraHit:melee@trig,RapidAssault|Flying,2 hexes,battle,always,"L36: +304 Damage [melee]; +1 hit(s) [melee, All triggered] | L50: +898 Damage [melee]; +1 hit(s) [melee, All triggered]",N,Only allies with Rapid Assault or Flying. The extra hit needs them at or below 50% health (All triggered).,Other friendly units within {[range]} hexes with Rapid Assault or Flying deal +{[extraDmg]} Damage with melee attacks. Affected units that are at or below {[healthPct]}% Health also score an additional hit with melee attacks.
Darkstrider,Passive,Structural Analyser,flat:extraDmg:ranged:who=!Tau Empire; flat:extraDmg:ranged:who=Tau Empire:reach=2 hexes,all,adjacent,battle,always,"L36: +337 Damage [ranged, who !Tau Empire]; +337 Damage [ranged, who Tau Empire, reach 2 hexes] | L50: +997 Damage [ranged, who !Tau Empire]; +997 Damage [ranged, who Tau Empire, reach 2 hexes]",Y,"Ranged attacks against an enemy with a Markerlight; Darkstrider's ranged attack gives one. Needs the support to hit the target first (the model's team focuses one enemy, so counted as always). OWNER: one decision covers Ahriman, Darkstrider, Lhykhis and Vitruvius.",Units hit by ranged attacks from Darkstrider receive a Markerlight for one round. Friendly units adjacent to Darkstrider deal +{[extraDmg]} Damage with ranged attacks against targets with a Markerlight. Friendly T'au Empire units within 2 hexes of Darkstrider are also affected.
Eldryon,Passive,Doom,taken:extraDmg:normal:who=!Aeldari; flat:extraDmg_2:all:who=Aeldari,all,target,battle,always,"L36: +304 Damage taken [normal, who !Aeldari]; +405 Damage [who Aeldari] | L50: +898 Damage taken [normal, who !Aeldari]; +1,197 Damage [who Aeldari]",Y,"Only against enemies exactly 2 hexes from Eldryon, so it depends on positioning. OWNER: always, or All triggered only?",All enemy units exactly {[range]} hexes away from Eldryon take +{[extraDmg]} Damage from other friendly unit's normal attacks. Other friendly Aeldari units deal +{[extraDmg_2]} Damage with all their attacks to affected units instead.
Exitor-Rho,Passive,Optimised Gait,partner:2xEnergy(minDmg-maxDmg),Mechanical,target,battle,always,"L36: +2x Energy 860 | L50: +2x Energy 2,542",Y,"Exitor-Rho's own hits, triggered each time a Mechanical ally attacks an enemy next to him. Counted as extra damage on those allies' attacks. OWNER: is that fair?","Whenever an enemy adjacent to Exitor-Rho is attacked by another friendly Mechanical unit, Exitor-Rho deals {[nrOfHits]}x {[minDmg]}-{[maxDmg]} Energy Damage to that enemy. If an enemy adjacent to Exitor-Rho is defeated by a friendly Mechanical unit or an attack triggered from this ability, Exitor-Rho moves onto its hex."
Haarken Worldclaimer,Active,Herald of the Apocalypse,taken:extraDmg:all:reach=next attack,all,next attack,next attack,active,"L36: +607 Damage taken [reach next attack] | L50: +1,795 Damage taken [reach next attack]",N,The next attack against the target (and the enemy behind it) gets the bonus.,Deals {[nrOfHits]}x {[minDmg]}-{[maxDmg]} Piercing Damage to an adjacent enemy and an additional enemy directly behind the target. Affected enemies receive +{[extraDmg]} Damage from the next attack made by a unit against them. Also triggers Battle Fatigue for all enemy units within {[range]} hexes of the original target.
Havyr,Active,Augmented Assault,armour:armorReduction,all,target,battle,active,L36: -337 enemy Armour | L50: -997 enemy Armour,N,"Armour reduction for the rest of the battle. It does nothing for Havyr himself, who already ignores armour.",Deals {[nrOfHits]}x {[minDmg]}-{[maxDmg]} Eviscerate to an adjacent enemy unit and reduces its Armour by {[armorReduction]} Armour for the rest of the battle. Using Augmented Assault does not end Hâvyr's turn.
High Marshal Helbrecht,Passive,Destroy The Witch,flat:extraDmg:melee:vs=Psyker,all,adjacent,battle,always,"L36: +506 Damage [melee, vs Psyker] | L50: +1,496 Damage [melee, vs Psyker]",N,Only melee attacks against Psykers.,Gains +{[extraMovement]} Movement when there’s an enemy Psyker on the battlefield. This unit and friendly adjacent units deal +{[extraDmg]} Damage with melee attacks against Psykers.
High Marshal Helbrecht,Active,Crusade Of Wrath,flat:extraDmg:melee; pierce:extraPierceRatio:melee,all,2 hexes,2 rounds,active,L36: +169 Damage [melee]; +24% pierce [melee] | L50: +499 Damage [melee]; +24% pierce [melee],N,"+Damage and +24% pierce ratio in melee, whatever the damage type.",All other friendly units within {[range]} hexes gain +{[extraDmg]} Damage and +{[extraPierceRatio]}% pierce ratio in melee – regardless of Damage type – for this round and the next. High Marshal Helbrecht immediately performs a normal melee attack against a random adjacent enemy.
Hollan,Passive,Twisted Science,flat:extraDmg,Genestealer Cults,one,battle,always,L36: +169 Damage | L50: +499 Damage,Y,"Needs Hollan to heal them (his action), but it lasts until they die, so over a battle several allies get it. Draft: one ally. OWNER: agree?","Units healed by Hollan, other than himself, are affected by Twisted Science until they are defeated. Hollan can heal other unaffected units even if they are at full Health. Affected units immediately gain {[hp]} Health and their maximum Health increases by the same amount. If they are a Genestealer Cults unit, they also deal +{[extraDmg]} Damage while affected. Affected units cannot gain the effects of Twisted Science again."
Isaak,Passive,Decoys and Misdirection,flat:extraDmg@trig,all,one,turn,trig,L36: +270 Damage [All triggered] | L50: +797 Damage [All triggered],N,Only when an ally moves or resurrects onto a decoy.,"When an enemy moves onto a friendly decoy, it takes {[nrOfHits]}x {[minDmg]}-{[maxDmg]} Blast Damage. When a friendly unit resurrects onto or moves onto a friendly decoy, it deals +{[extraDmg]} Damage until the end of its turn, and if it is a Genestealer Cults unit, it also places a new decoy in a free adjacent hex."
Lhykhis,Passive,Whispering Web,ramp:extraDmg,all,target,battle,always,L36: +148 more per hit | L50: +439 more per hit,Y,"Each hit in an attack does more than the last, so it is worth most to many-hit allies. Needs the support to hit the target first (the model's team focuses one enemy, so counted as always). OWNER: one decision covers Ahriman, Darkstrider, Lhykhis and Vitruvius.","When Lhykhis performs a normal ranged attack against an enemy, that enemy is affected by Whispering Web until Lhykhis is defeated or performs a normal ranged attack against a different unit. When a friendly character attacks an affected enemy, each hit in the same attack deals +{[extraDmg]} more Damage than the previous hit."
Lhykhis,Active,Empyric Ambush,critchance:extraCritChance:all:who=Aeldari; critdmg:extraCritDmg:all:who=Aeldari; critchance:extraCritChance:all:who=!Aeldari@trig; critdmg:extraCritDmg:all:who=!Aeldari@trig,all,target,turn,active,"L36: +25% crit chance [who Aeldari]; +337 Crit Damage [who Aeldari]; +25% crit chance [who !Aeldari, All triggered]; +337 Crit Damage [who !Aeldari, All triggered] | L50: +25% crit chance [who Aeldari]; +997 Crit Damage [who Aeldari]; +25% crit chance [who !Aeldari, All triggered]; +997 Crit Damage [who !Aeldari, All triggered]",N,Aeldari always; other characters only if they moved 4+ hexes (All triggered). Gives crits without gear.,"Lhykhis moves adjacent to an enemy unit on the battlefield that has a free adjacent hex and deals {[nrOfHits]}x {[minDmg]}-{[maxDmg]} Eviscerate to it. Until the end of this turn, attacks against the target of Empyric Ambush made by other friendly characters that are Aeldari or traversed {[movement]} or more hexes this turn have +{[extraCritChance]}% Crit Chance and deal {[extraCritDmg]} Crit Damage. When Lhykhis defeats an enemy with a normal melee attack, and Empyric Ambush has already been used, then Empyric Ambush can be used again in this battle. Initial cooldown: {[initialCooldownTurns]} round."
Lysander,Passive,Icon of Obstinacy,flat:extraDmg; dmgfromblock:chance,TerminatorArmour,adjacent,battle,always,L36: +135 Damage; +30% of Block Damage as Damage | L50: +400 Damage; +30% of Block Damage as Damage,N,Only Terminator Armour allies. The Block Damage part only matters with gear. The Armour part is Defence side.,"Lysander and all friendly adjacent Terminator Armour units deal +{[extraDmg]} Damage. When they end their turn without attacking, they also have +{[extraArmor]} Armour until the beginning of their next turn. The additional Damage and Armour are further increased by {[chance]}% of the affected unit's current Block Damage value."
Marneus Calgar,Passive,Rites of Battle,flat:extraDmg:all:who=!Imperial; flat:extraDmg_2:all:who=Imperial,all,adjacent,battle,always,"L36: +304 Damage [who !Imperial]; +437 Damage [who Imperial] | L50: +898 Damage [who !Imperial]; +1,298 Damage [who Imperial]",N,Imperials get the bigger bonus instead.,Adjacent friendly units gain +{[extraDmg]} Damage. Imperial units gain +{[extraDmg_2]} Damage instead.
Mephiston,Active,The Quickening,attack:dmgPct:melee:cap=maxDmg,Blood Angels,one,once,active,"L36: +120% Damage extra attack (max 1,687 a hit) [melee] | L50: +120% Damage extra attack (max 4,986 a hit) [melee]",N,The ally Mephiston swaps places with makes a normal melee attack at 120% Damage (capped per hit).,"Targets a hex within movement range {[range]} that is neither occupied by an enemy nor by a friendly unit in Deep Strike. Mephiston moves onto that hex. If a friendly unit is on that hex, that unit moves to Mephiston's previous location. All Blood Angels moving this way perform a normal melee attack after they move, dealing {[dmgPct]}% of their own damage to a maximum of {[maxDmg]} Damage. Units moving this way do not trigger Overwatch or other movement related reactions."
Nicodemus,Active,Blood Chalice,pierce:extraPierceRatio:melee,all,adjacent,until his next turn,active,L36: +20% pierce [melee] | L50: +20% pierce [melee],Y,"Not Mechanical allies. It also sets them to 50% health, a cost counted on the Defence side, which switches on Dante's below-50% extra hit. OWNER: count that combo?","All adjacent friendly non-mechanical units are set to {[healthPct]}% Health. Until the start of their next turn, affected units gain +{[extraPierceRatio]}% pierce ratio with melee attacks and heal for {[hpToHeal]} Health if they perform a melee attack."
Pestillian,Passive,Explosive Maladies,extra:1xBlast(extraDmg):normal-ranged; extra:1xBlast(extraDmg):normal-melee:who=Chaos,all,adjacent,battle,always,"L36: +1x Blast 1,012 [normal-ranged]; +1x Blast 1,012 [normal-melee, who Chaos] | L50: +1x Blast 2,992 [normal-ranged]; +1x Blast 2,992 [normal-melee, who Chaos]",N,"An extra Blast hit on normal ranged attacks for anyone next to him, and on melee too for Chaos allies.",Friendly units adjacent to Pestillian deal an additional {[nrOfHits]}x {[extraDmg]} Blast Damage with their normal ranged attacks. Friendly Chaos units adjacent to Pestillian also deal this damage with normal melee attacks. Enemies defeated by affected attacks are always overkilled.
Pestillian,Active,Foul Infusion,extra:1xToxic(dmg):normal-melee,Chaos,2 hexes,2 rounds,active,"L36: +1x Toxic 943 [normal-melee] | L50: +1x Toxic 2,792 [normal-melee]",Y,Chaos allies inside his Contagion aura. Draft: the aura counted as 2 hexes. OWNER: check the aura size.,Pestillian and all friendly Chaos units within his Contagion aura deal an additional {[nrOfHits]}x {[dmg]} Toxic Damage with their normal melee attacks for this round and the next. Pestillian then immediately performs a normal melee attack against a random adjacent enemy.
Ragnar,Passive,Saga of the Warrior Born,hits:extraHits:melee:who=Space Wolves@trig; critdmg:extraCritDmg:all:who=Space Wolves@trig,Space Wolves,team,battle,trig,"L36: +3 hit(s) [melee, who Space Wolves, All triggered]; +270 Crit Damage [who Space Wolves, All triggered] | L50: +3 hit(s) [melee, who Space Wolves, All triggered]; +797 Crit Damage [who Space Wolves, All triggered]",N,"Space Wolves only get it after Ragnar has killed a character, and only when charging: All triggered only.","When charging, Ragnar scores {[extraHits]} additional hits and his critical hits deal an additional +{[extraCritDmg]} Crit Damage. If Ragnar has defeated one or more enemy Characters this battle, friendly Space Wolves also gain this ability."
Ragnar,Active,War Howl,critchance:extraCritChance:normal-melee; flat:extraDmg:normal-melee,no:ranged,team,turn,active,"L36: +36% crit chance [normal-melee]; +540 Damage [normal-melee] | L50: +36% crit chance [normal-melee]; +1,595 Damage [normal-melee]",Y,Every friendly character without a normal ranged attack. Only if Ragnar has not moved. Gives crits without gear. OWNER: agree?,"If Ragnar has not moved, he and all friendly Characters that don't have a normal ranged attack gain Unstoppable until the end of this turn. Additionally, their normal melee attacks have +{[extraCritChance]}% Crit Chance and deal +{[extraDmg]} Damage until the end of this turn. Using War Howl does not end Ragnar's turn."
Roswitha,Active,Brazier of Holy Fire,takenpct:extraDmgPct:all:vs=Daemon,all,target,2 rounds,active,L36: +50% damage taken [vs Daemon] | L50: +60% damage taken [vs Daemon],N,Only against Daemons. Immune Daemons take less (not modelled).,Deals {[nrOfHits]}x {[minDmg]}-{[maxDmg]} Flame Damage to a target enemy within range {[range]} and sets its hex on Fire. Deals {[nrOfHits_2]}x {[minDmg]}-{[maxDmg]} Flame Damage vs Daemons instead. ALL Daemons within {[range_2]} hexes of the target take +{[extraDmgPct]}% Extra Damage this round and the next. Immune Daemons only take +{[extraDmgPct_2]}% Extra Damage.
Snappawrecka,Passive,Power Trip,armour:armorReduction,all,target,battle,always,L36: -169 enemy Armour | L50: -499 enemy Armour,N,"Only while he is at full health, so in practice his first attack: one reduction counted.","Normal attacks ignore {[armorIgnored]} Armour. If Snappawrecka is at full Health, his normal attacks additionally score +{[extraHit]} hit and reduce the target's Armour by {[armorReduction]} Armour, but also cause Snappawrecka to lose {[hpPct]}% of his maximum Health."
Sword Brother Godswyl,Passive,Champion Of The Feast,armour:armorReduction:all:trigmult=2,all,target,battle,always,L36: -337 enemy Armour (x2 in All triggered) | L50: -997 enemy Armour (x2 in All triggered),Y,"Triggers every turn and stacks for the rest of the battle. Draft: one reduction in Always-on, two in All triggered. OWNER: agree?","After moving, deals {[nrOfHits]}x {[minDmg]}-{[maxDmg]} Power Damage to an adjacent enemy and reduces this enemy's Armour by {[armorReduction]} Armour for the rest of the battle. If Sword Brother Godswyl does not move, then this ability triggers at the end of his turn."
Tan Gi'da,Active,Doctrina Imperatives,flat:extraDmg@trig,Mechanical,adjacent,battle,active,L36: +270 Damage [All triggered] | L50: +797 Damage [All triggered],N,"Conqueror Imperative: only against enemies with reduced Armour (e.g. after Godswyl or Havyr), so All triggered only. Protector is Defence side.",Tan Gi’da switches between two Imperatives that affect him and all friendly adjacent Mechanical units: Protector Imperative: Affected units have +{[extraArmor]} Armour. Conqueror Imperative: Affected units deal +{[extraDmg]} Damage against units with reduced Armour. This ability can be used once per turn instead of once per battle; each use switches the active Imperative. Tan Gi’da can attack after using this ability. Only the first use of this ability each battle counts as using an active ability.
Thaddeus Noble,Passive,Spotter,flat:extraDmg:ranged:who=!HeavyWeapon; flat:extraDmg_2:ranged:who=HeavyWeapon,all,2 hexes,battle,always,"L36: +169 Damage [ranged, who !HeavyWeapon]; +337 Damage [ranged, who HeavyWeapon] | L50: +499 Damage [ranged, who !HeavyWeapon]; +997 Damage [ranged, who HeavyWeapon]",N,Ranged attacks only; Heavy Weapon allies get the bigger bonus instead.,Other friendly units within {[range]} hexes deal +{[extraDmg]} Damage with ranged attacks. Affected units with Heavy Weapon deal +{[extraDmg_2]} Damage with ranged attacks instead.
Thothmek,Active,Chronometron,taken:extraDmg:all:who=!Mechanical; taken:extraDmg_2:all:who=Mechanical,all,next attack,next attack,active,"L36: +304 Damage taken [who !Mechanical]; +405 Damage taken [who Mechanical] | L50: +898 Damage taken [who !Mechanical]; +1,197 Damage taken [who Mechanical]",N,The next attack against each enemy within 2 hexes. The Suppress is Defence side.,"All enemy units within range {[range]} are Suppressed for {[nrOfRounds]} round. Affected Summons are Stunned instead. All enemies within range {[range]} take +{[extraDmg]} Damage from the next attack made by a unit against them, or +{[extraDmg_2]} Damage if the attacker is Mechanical."
Trajann,Passive,Legendary Commander,taken:extraDmg; hits:nrOfHits:ability,all,target,turn,active,"L36: +371 Damage taken; +2 hit(s) [ability] | L50: +1,096 Damage taken; +2 hit(s) [ability]",Y,"Needs an ally next to the enemy to have used an active this turn, so it is counted when the Active switch is on (and needs Trajann next to the enemy for the extra hits on actives). OWNER: agree?","Enemies receive +{[extraDmg]} Damage if they are adjacent to any friendly unit that has used an active ability this turn. If the affected enemies are also adjacent to Trajann, friendly Characters score {[nrOfHits]} additional hits against them with their first attack that is not a normal attack."
Uthar,Passive,Grim Efficiency,armignore:armorIgnored,all,2 hexes,battle,always,L36: +169 Armour ignored | L50: +499 Armour ignored,N,Hostile Acquisition stance for attack (owner decision); Fortify Takeover is Defence side.,Ûthar switches between two stances that affect him and all friendly units within {[range]} hexes: Fortify Takeover: Attacks against affected units have to go through an Armour value of {[extraArmor]} an additional time. Hostile Acquisition: Affected units ignore {[armorIgnored]} Armour with all attacks. The stance switches whenever Ûthar uses his active ability or traverses {[movement]} or more hexes during his turn.
Vitruvius,Passive,Master Annihilator,hits:nrOfHits:all:notype=Psychic:cap=maxDmg,all,target,battle,always,"L36: +1 hit(s) (max 2,529 a hit) [notype Psychic] | L50: +1 hit(s) (max 7,477 a hit) [notype Psychic]",Y,"One extra hit on every non-Psychic attack against his target, capped. Needs the support to hit the target first (the model's team focuses one enemy, so counted as always). OWNER: one decision covers Ahriman, Darkstrider, Lhykhis and Vitruvius.","When Vitruvius performs a normal attack against an enemy, that enemy is affected by Master Annihilator until Vitruvius is defeated or performs a normal attack against a different unit. Attacks by any friendly unit against the affected enemy score an additional hit, except attacks that deal Psychic Damage. This additional hit can deal a maximum of {[maxDmg]} Damage."
Xybia,Active,Mind Control,takenpct:extraDmgPct,all,target,2 rounds,active,L36: +20% damage taken | L50: +20% damage taken,N,The target takes +20% damage. Its -Damage and Taunt are Defence side.,"Targets an enemy unit within {[range]} hexes that is adjacent to one or more friendly units. For this round and the next, that enemy unit deals -{[dmgReduction]} Damage, takes +{[extraDmgPct]}% Damage, and becomes Taunted by the adjacent unit with the highest current Health."
Yazaghor,Active,Sorcerous Facade,extra:1xPsychic(minDmg-maxDmg):normal,Psyker,one,until his next turn,active,"L36: +1x Psychic 506 [normal] | L50: +1x Psychic 1,497 [normal]",N,One friendly Psyker gets an extra Psychic hit on normal attacks.,"Target a friendly Psyker. Until the beginning of Yazaghor's next turn both he and the target deal an additional {[nrOfHits]}x {[minDmg]}-{[maxDmg]} Psychic Damage with their normal attacks. Yazaghor performs a normal attack against the closest enemy unit, and then switches positions with the targeted Psyker. Note: this ability can only be used if Yazaghor has an enemy in range."
Nicodemus,Relic,Chalice of Baal,flat:extraDmg:normal-melee@trig,all,adjacent,turn,trig,"Mythic relic: +728 Damage [normal-melee, All triggered]",N,Chalice of Baal (Mythic). Only after a unit next to Nicodemus dies.,"The first time each turn that any unit adjacent to Nicodemus dies, he heals himself and all friendly adjacent units for {[hp]} Health. All affected units deal +{[extraDmg]} Damage with normal melee attacks until the end of this turn."
Neurothrope,Relic,Norn Crown,flat:extraDmg@trig,Psyker,2 hexes,battle,trig,"Mythic relic: +1,308 Damage [All triggered]",Y,Norn Crown (Mythic). Only against enemies affected by Neuroparasite; Synapse range counted as 2 hexes. OWNER: agree?,The maximum level of Neuroparasite is increased by {[effectLevel]}. Other friendly Psykers within Synapse range and friendly Summons within Synapse range deal +{[extraDmg]} Damage to enemies that are affected by Neuroparasite.
Azrael,Passive,Lion Helm,,all,2 hexes,battle,always,,N,"Not counted: the +Damage is for Overwatch attacks, which the model has no Overwatch for. The Block parts are Defence side.",Friendly units within {[range]} hexes block an additional {[blockDmg]} Damage when they Block and deal +{[extraDmg]} Damage with attacks triggered by Overwatch. Other friendly Dark Angels within {[range]} hexes also have their Block chance increased by +{[blockChance]}%
Darkstrider,Active,Fighting Retreat,,all,adjacent,turn,active,,N,"Not counted on the Attack side: it lets adjacent Ranged Specialist allies use the trait while next to an enemy, which All triggered already assumes. The enemy -hits/-Damage is Defence side.","Adjacent enemies gain a Markerlight. They also have {[hitsReduction]} fewer hits, to a minimum of one, and deal -{[dmgReduction]} Damage for one round. Until the end of this turn, Darkstrider and adjacent allied units with the Ranged Specialist trait gain the effect of the trait even if they started their turn adjacent to an enemy unit. Using Fighting Retreat does not end Darkstrider's turn if he is adjacent to an enemy, and he can move again if already moved in this turn."
Sho'syl,Passive,MV71 Sniper Drone Squad,,all,target,battle,always,,N,Not counted: the Markerlight only matters with Darkstrider (and Re'vas's own passive). OWNER: count Markerlight combos later?,"Instead of a ranged attack, Sho'syl summons a MV71 Sniper Drone and commands it to attack the target. This attack uses Sho'syl's Damage stat, while other effects, like buffs, are taken from the Drone. If Sho'syl already controls {[maxSummons]} MV71 Sniper Drones, the one with the lowest Health is removed before the new Drone is summoned. The target also gains a Markerlight until the end of Sho'syl's next turn. MV71 Sniper Drones' stats: {[summonHp]} Health {[summonDmg]} Damage {[summonArmor]} Armour"
Laviscus,Passive,Refusal to be Outdone,,,,,,,N,"Not a support: Outrage turns his teammates' hits into his own damage. It belongs on a ""who benefits from a team"" view, not here (see PLAN.md).","Friendly characters attacking enemies adjacent to Laviscus increase his Outrage equal to the highest damage dealt by any of their non-psychic hits this turn. Laviscus' Damage stat is increased by {[extraDmgPct]}% of his Outrage and his normal attacks deal an additional +{[extraCritDmg]} Crit Damage for each friendly Chaos character that increased his Outrage this turn. At the end of his turn or after Laviscus performs a normal attack, his Outrage resets."
